{
    "coverImageFilename": "cover.png",
    "icon": "cover.png",
    "components": [
        {
            "type": "FileCopyMod",
            "sourceFileName": "Menu Pointer.qsaber",
            "targetRootedPathAndFileName": "/sdcard/Android/data/com.beatgames.beatsaber/files/sabers/testSaber.qsaber"
        }
    ],
    "version": "1.0.0",
    "links": {
        "pageLink": "pagelink"
    },
    "description": [
        "Made the menuPointer"
    ],
    "gameVersion": "1.10.0",
    "platform": "Quest",
    "id": "MenuPointerOwO-tsu/SyndraV1.0.0",
    "name": "Menu Pointer",
    "author": "OwO-tsu/Syndra",
    "category": "Saber"
}