{
    "coverImageFilename": "cover.png",
    "icon": "cover.png",
    "components": [
        {
            "type": "FileCopyMod",
            "sourceFileName": "bmmGlow.qbloq",
            "targetRootedPathAndFileName": "/sdcard/Qosmetics/notes/testBloq.qbloq"
        }
    ],
    "version": "1.0.0",
    "links": {
        "pageLink": ""
    },
    "description": [
        "no glow sadge just dark"
    ],
    "gameVersion": "1.11.1",
    "platform": "Quest",
    "id": "bmmGlowTBFBCDDG|BMM#9999V1.0.0",
    "name": "bmmGlow",
    "author": "TBFBCDDG | BMM#9999",
    "category": "Bloq"
}