{
    "coverImageFilename": "cover.png",
    "icon": "cover.png",
    "components": [
        {
            "type": "FileCopyMod",
            "sourceFileName": "bmmShiny.qsaber",
            "targetRootedPathAndFileName": "/sdcard/Qosmetics/sabers/testSaber.qsaber"
        }
    ],
    "version": "1",
    "links": {
        "pageLink": ""
    },
    "description": [
        "hugnjdnhgjsdu stronk "
    ],
    "gameVersion": "1.11.1",
    "platform": "Quest",
    "id": "bmmShinyTBFBCDDG|BMM#9999V1",
    "name": "bmmShiny",
    "author": "TBFBCDDG | BMM#9999",
    "category": "Saber"
}