{
    "coverImageFilename": "cover.png",
    "icon": "cover.png",
    "components": [
        {
            "type": "FileCopyMod",
            "sourceFileName": "Bad at Beatsaber but thinner.qsaber",
            "targetRootedPathAndFileName": "/sdcard/Android/data/com.beatgames.beatsaber/files/sabers/testSaber.qsaber"
        }
    ],
    "version": "1.0.1",
    "links": {
        "pageLink": "pagelink"
    },
    "description": [
        "e"
    ],
    "gameVersion": "1.10.0",
    "platform": "Quest",
    "id": "BadatBeatsaberbutthinnerSyndraV1.0.1",
    "name": "Bad at Beatsaber but thinner",
    "author": "Syndra",
    "category": "Saber"
}