{
    "coverImageFilename": "cover.png",
    "icon": "cover.png",
    "components": [
        {
            "type": "FileCopyMod",
            "sourceFileName": "bmmCoolTechSaber.qsaber",
            "targetRootedPathAndFileName": "/sdcard/Android/data/com.beatgames.beatsaber/files/sabers/testSaber.qsaber"
        }
    ],
    "version": "2.2.3",
    "links": {
        "pageLink": "https://discord.gg/MEBVngG"
    },
    "description": [
        "aaaaaAAAAAAAAAAAAAAAA A A A A A A A A A A AAA A"
    ],
    "gameVersion": "1.11.1",
    "platform": "Quest",
    "id": "bmmCoolTechSaberTBF|Beatmymeat[QUEST]#9999V2.2.3",
    "name": "bmmCoolTechSaber",
    "author": "TBF | Beat my meat [QUEST]#9999",
    "category": "Saber"
}