{
    "coverImageFilename": "cover.jpg",
    "icon": "cover.jpg",
    "components": [
        {
            "type": "FileCopyMod",
            "sourceFileName": "Cosmic Needle V2.qsaber",
            "targetRootedPathAndFileName": "/sdcard/Android/data/com.beatgames.beatsaber/files/sabers/testSaber.qsaber"
        }
    ],
    "version": "2.1.0",
    "links": {
        "pageLink": "none"
    },
    "description": [
        "nargh"
    ],
    "gameVersion": "1.10.0",
    "platform": "Quest",
    "id": "CosmicNeedleV2SyndraV2.1.0",
    "name": "Cosmic Needle V2",
    "author": "Syndra",
    "category": "Saber"
}