{
    "coverImageFilename": "cover.jpg",
    "icon": "cover.jpg",
    "components": [
        {
            "type": "FileCopyMod",
            "sourceFileName": "Galactic Laser V2.qsaber",
            "targetRootedPathAndFileName": "/sdcard/Android/data/com.beatgames.beatsaber/files/sabers/testSaber.qsaber"
        }
    ],
    "version": "2.0.1",
    "links": {
        "pageLink": "pagelink"
    },
    "description": [
        "Dissolve. Explode. Improvise."
    ],
    "gameVersion": "1.10.0",
    "platform": "Quest",
    "id": "GalacticLaserV2BeatV2.0.1",
    "name": "Galactic Laser V2",
    "author": "Beat",
    "category": "Saber"
}