{
    "coverImageFilename": "cover.png",
    "icon": "cover.png",
    "components": [
        {
            "type": "FileCopyMod",
            "sourceFileName": "Inverted Stick.qsaber",
            "targetRootedPathAndFileName": "/sdcard/Android/data/com.beatgames.beatsaber/files/sabers/testSaber.qsaber"
        }
    ],
    "version": "1.0.0",
    "links": {
        "pageLink": "dgdfg"
    },
    "description": [
        "eaafsg"
    ],
    "gameVersion": "1.11.1",
    "platform": "Quest",
    "id": "InvertedStickTBF|Beatmymeat[QUEST]#9999V1.0.0",
    "name": "Inverted Stick",
    "author": "TBF | Beat my meat [QUEST]#9999",
    "category": "Saber"
}