{
    "coverImageFilename": "cover.jpg",
    "icon": "cover.jpg",
    "components": [
        {
            "type": "FileCopyMod",
            "sourceFileName": "Naime V1.qsaber",
            "targetRootedPathAndFileName": "/sdcard/Android/data/com.beatgames.beatsaber/files/sabers/testSaber.qsaber"
        }
    ],
    "version": "1.1.0",
    "links": {
        "pageLink": "none"
    },
    "description": [
        "AAAAAAAAAAAAH"
    ],
    "gameVersion": "1.10.0",
    "platform": "Quest",
    "id": "NaimeV1FlaimexBeatV1.1.0",
    "name": "Naime V1",
    "author": "Flaime x Beat",
    "category": "Saber"
}