{
    "coverImageFilename": "cover.jpg",
    "icon": "cover.jpg",
    "components": [
        {
            "type": "FileCopyMod",
            "sourceFileName": "Energy Bat Saber.qsaber",
            "targetRootedPathAndFileName": "/sdcard/Android/data/com.beatgames.beatsaber/files/sabers/testSaber.qsaber"
        }
    ],
    "version": "2.1.1",
    "links": {
        "pageLink": "pagelink"
    },
    "description": [
        "Idea/Request by fam#4067 Warning: May burn or disintegrate your hand if touched! Be careful."
    ],
    "gameVersion": "1.10.0",
    "platform": "Quest",
    "id": "EnergyBatSaberBC|Beatmymeatwaitwhat#9999V2.1.1",
    "name": "Energy Bat Saber",
    "author": "BC | Beat my meat wait what#9999",
    "category": "Saber"
}