{
    "coverImageFilename": "cover.png",
    "icon": "cover.png",
    "components": [
        {
            "type": "FileCopyMod",
            "sourceFileName": "Microchip.qsaber",
            "targetRootedPathAndFileName": "/sdcard/Qosmetics/sabers/testSaber.qsaber"
        }
    ],
    "version": "1.1.5",
    "links": {
        "pageLink": ""
    },
    "description": [
        "Microbes are taking over"
    ],
    "gameVersion": "1.11.1",
    "platform": "Quest",
    "id": "MicrochipTBFBCDDG|BMM#9999V1.1.5",
    "name": "Microchip",
    "author": "TBFBCDDG | BMM#9999",
    "category": "Saber"
}