{
    "coverImageFilename": "cover.jpg",
    "icon": "cover.jpg",
    "components": [
        {
            "type": "FileCopyMod",
            "sourceFileName": "Levitate V3.qsaber",
            "targetRootedPathAndFileName": "/sdcard/Android/data/com.beatgames.beatsaber/files/sabers/testSaber.qsaber"
        }
    ],
    "version": "3.1.3",
    "links": {
        "pageLink": "none"
    },
    "description": [
        "V3 of the popualar levitate sabers"
    ],
    "gameVersion": "1.10.0",
    "platform": "Quest",
    "id": "LevitateV3qwertsu-tsuxSyndraV3.1.3",
    "name": "Levitate V3",
    "author": "qwertsu-tsu x Syndra",
    "category": "Saber"
}