{
    "coverImageFilename": "cover.jpg",
    "icon": "cover.jpg",
    "components": [
        {
            "type": "FileCopyMod",
            "sourceFileName": "s-Cube R.qsaber",
            "targetRootedPathAndFileName": "/sdcard/Android/data/com.beatgames.beatsaber/files/sabers/testSaber.qsaber"
        }
    ],
    "version": "1.0.0",
    "links": {
        "pageLink": "pagelink"
    },
    "description": [
        "First saber where I actually tried to make it look good."
    ],
    "gameVersion": "1.10.0",
    "platform": "Quest",
    "id": "s-CubeRSyndraV1.0.0",
    "name": "s-Cube R",
    "author": "Syndra",
    "category": "Saber"
}