{
    "coverImageFilename": "cover.jpg",
    "icon": "cover.jpg",
    "components": [
        {
            "type": "FileCopyMod",
            "sourceFileName": "Cubie Saber.qsaber",
            "targetRootedPathAndFileName": "/sdcard/Android/data/com.beatgames.beatsaber/files/sabers/testSaber.qsaber"
        }
    ],
    "version": "1.0.0",
    "links": {
        "pageLink": "pagelink"
    },
    "description": [
        "Re-Creation of the old sabers."
    ],
    "gameVersion": "1.10.0",
    "platform": "Quest",
    "id": "CubieSaberSyndraV1.0.0",
    "name": "Cubie Saber",
    "author": "Syndra",
    "category": "Saber"
}