{
    "coverImageFilename": "cover.jpg",
    "icon": "cover.jpg",
    "components": [
        {
            "type": "FileCopyMod",
            "sourceFileName": "bSpace V2 Thin.qsaber",
            "targetRootedPathAndFileName": "/sdcard/Android/data/com.beatgames.beatsaber/files/sabers/testSaber.qsaber"
        }
    ],
    "version": "2.1.2",
    "links": {
        "pageLink": "pagelink"
    },
    "description": [
        "NOT Inspired by Gv2"
    ],
    "gameVersion": "1.10.0",
    "platform": "Quest",
    "id": "bSpaceV2ThinBeatV2.1.2",
    "name": "bSpace V2 Thin",
    "author": "Beat",
    "category": "Saber"
}