{
    "coverImageFilename": "cover.png",
    "icon": "cover.png",
    "components": [
        {
            "type": "FileCopyMod",
            "sourceFileName": "b-Inverted.qsaber",
            "targetRootedPathAndFileName": "/sdcard/Android/data/com.beatgames.beatsaber/files/sabers/testSaber.qsaber"
        }
    ],
    "version": "1.0.0",
    "links": {
        "pageLink": "pagelink"
    },
    "description": [
        "Title screen tower"
    ],
    "gameVersion": "1.10.0",
    "platform": "Quest",
    "id": "b-InvertedBeatV1.0.0",
    "name": "b-Inverted",
    "author": "Beat",
    "category": "Saber"
}