{
    "coverImageFilename": "cover.jpg",
    "icon": "cover.jpg",
    "components": [
        {
            "type": "FileCopyMod",
            "sourceFileName": "Crystal Battery V1.qsaber",
            "targetRootedPathAndFileName": "/sdcard/Android/data/com.beatgames.beatsaber/files/sabers/testSaber.qsaber"
        }
    ],
    "version": "1.0.0",
    "links": {
        "pageLink": "pagelink"
    },
    "description": [
        "Saber will be better, worked toghether with Flaime#9302 to make this"
    ],
    "gameVersion": "1.10.0",
    "platform": "Quest",
    "id": "CrystalBatteryV1SyndraxFlaimeV1.0.0",
    "name": "Crystal Battery V1",
    "author": "Syndra x Flaime",
    "category": "Saber"
}