{
    "coverImageFilename": "cover.jpg",
    "icon": "cover.jpg",
    "components": [
        {
            "type": "FileCopyMod",
            "sourceFileName": "Very Bad Vive Saber+name.qsaber",
            "targetRootedPathAndFileName": "/sdcard/Android/data/com.beatgames.beatsaber/files/sabers/testSaber.qsaber"
        }
    ],
    "version": "1.1.0",
    "links": {
        "pageLink": "pagelink"
    },
    "description": [
        "FIXED LAG"
    ],
    "gameVersion": "1.10.0",
    "platform": "Quest",
    "id": "VeryBadViveSaber+nameOwO-tsu/SyndraV1.1.0",
    "name": "Very Bad Vive Saber+name",
    "author": "OwO-tsu/Syndra",
    "category": "Saber"
}