{
    "coverImageFilename": "cover.jpg",
    "icon": "cover.jpg",
    "components": [
        {
            "type": "FileCopyMod",
            "sourceFileName": "bmmPP.qsaber",
            "targetRootedPathAndFileName": "/sdcard/Android/data/com.beatgames.beatsaber/files/sabers/testSaber.qsaber"
        }
    ],
    "version": "1.1.0",
    "links": {
        "pageLink": "https://discord.gg/fG73gP5"
    },
    "description": [
        "simple Bamboo Saber with speny naem and gloew!!!11!1"
    ],
    "gameVersion": "1.10.0",
    "platform": "Quest",
    "id": "bmmPPTBF|Beatmymeat[QUEST]#9999V1.1.0",
    "name": "bmmPP",
    "author": "TBF | Beat my meat [QUEST]#9999",
    "category": "Saber"
}