{
    "coverImageFilename": "cover.jpg",
    "icon": "cover.jpg",
    "components": [
        {
            "type": "FileCopyMod",
            "sourceFileName": "Bat Saber.qsaber",
            "targetRootedPathAndFileName": "/sdcard/Android/data/com.beatgames.beatsaber/files/sabers/testSaber.qsaber"
        }
    ],
    "version": "1.0.0",
    "links": {
        "pageLink": "pagelink"
    },
    "description": [
        "Hit your blocks into oblivion with a Bat!"
    ],
    "gameVersion": "1.10.0",
    "platform": "Quest",
    "id": "BatSaberBeatV1.0.0",
    "name": "Bat Saber",
    "author": "Beat",
    "category": "Saber"
}