{
    "coverImageFilename": "cover.png",
    "icon": "cover.png",
    "components": [
        {
            "type": "FileCopyMod",
            "sourceFileName": "TeslaBloqV3.qsaber",
            "targetRootedPathAndFileName": "/sdcard/Android/data/com.beatgames.beatsaber/files/sabers/testSaber.qsaber"
        }
    ],
    "version": "V3",
    "links": {
        "pageLink": "https://discord.gg/MEBVngG"
    },
    "description": [
        "uh oh.."
    ],
    "gameVersion": "1.11.1",
    "platform": "Quest",
    "id": "TeslaBloqV3TBF|Beatmymeat[QUEST]#9999VV3",
    "name": "TeslaBloqV3",
    "author": "TBF | Beat my meat [QUEST]#9999",
    "category": "Saber"
}